{
  "project_info": {
    "project_number": "912436625972",
    "project_id": "tailor-app-3724e",
    "storage_bucket": "tailor-app-3724e.appspot.com"
  },
  "client": [
    {
      "client_info": {
        "mobilesdk_app_id": "1:912436625972:android:293303a87d437cc1358061",
        "android_client_info": {
          "package_name": "com.example.adminpanel"
        }
      },
      "oauth_client": [],
      "api_key": [
        {
          "current_key": "AIzaSyDlpHt1RWXYvA4X9W0-mxbyPxQ_k4viCqw"
        }
      ],
      "services": {
        "appinvite_service": {
          "other_platform_oauth_client": []
        }
      }
    },
    {
      "client_info": {
        "mobilesdk_app_id": "1:912436625972:android:84feddbba27c2eea358061",
        "android_client_info": {
          "package_name": "com.example.myapplication"
        }
      },
      "oauth_client": [],
      "api_key": [
        {
          "current_key": "AIzaSyDlpHt1RWXYvA4X9W0-mxbyPxQ_k4viCqw"
        }
      ],
      "services": {
        "appinvite_service": {
          "other_platform_oauth_client": []
        }
      }
    },
    {
      "client_info": {
        "mobilesdk_app_id": "1:912436625972:android:d7037693d0400e9b358061",
        "android_client_info": {
          "package_name": "com.example.project"
        }
      },
      "oauth_client": [],
      "api_key": [
        {
          "current_key": "AIzaSyDlpHt1RWXYvA4X9W0-mxbyPxQ_k4viCqw"
        }
      ],
      "services": {
        "appinvite_service": {
          "other_platform_oauth_client": []
        }
      }
    }
  ],
  "configuration_version": "1"
}